{"type":"data","nodes":[null,{"type":"data","data":[{"post":1},{"slug":2,"title":3,"excerpt":4,"coverImage":5,"tags":6,"hidden":10,"startDate":11,"importance":12,"html":13,"readingTime":14,"relatedPosts":15},"roger-roger","Roger, Roger","Travel through space with your friends in this cooperative rocket controlling game. Shoot some asteroids, save some astronauts, and try not to fight!","\u002Fimages\u002Fposts\u002Froger-roger\u002Fcover.png",[7,8,9],"Coding","Javascript","Game Design",false,"2023-02-20T11:40:39.000Z",3,"\u003Cdiv class=\"button_container svelte-1biqf0s\"\u003E\u003Ca href=\"https:\u002F\u002Fgithub.com\u002Fpunnlert\u002FRogerRoger-ID311-Individual-Project\" target=\"_blank\" rel=\"noopener noreferrer\" class=\"button style--solid size--medium color--primary  svelte-1djzygq\" data-sveltekit-preload-data\u003E\u003Cdiv class=\"icon svelte-1djzygq\"\u003E\u003Csvg width=\"100%\" height=\"100%\" stroke-width=\"1.5\" viewBox=\"0 0 24 24\" fill=\"none\" xmlns=\"http:\u002F\u002Fwww.w3.org\u002F2000\u002Fsvg\"\u003E\u003Cpath d=\"M16 22.0268V19.1568C16.0375 18.68 15.9731 18.2006 15.811 17.7506C15.6489 17.3006 15.3929 16.8902 15.06 16.5468C18.2 16.1968 21.5 15.0068 21.5 9.54679C21.4997 8.15062 20.9627 6.80799 20 5.79679C20.4558 4.5753 20.4236 3.22514 19.91 2.02679C19.91 2.02679 18.73 1.67679 16 3.50679C13.708 2.88561 11.292 2.88561 8.99999 3.50679C6.26999 1.67679 5.08999 2.02679 5.08999 2.02679C4.57636 3.22514 4.54413 4.5753 4.99999 5.79679C4.03011 6.81549 3.49251 8.17026 3.49999 9.57679C3.49999 14.9968 6.79998 16.1868 9.93998 16.5768C9.61098 16.9168 9.35725 17.3222 9.19529 17.7667C9.03334 18.2112 8.96679 18.6849 8.99999 19.1568V22.0268\" stroke=\"currentColor\" stroke-linecap=\"round\" stroke-linejoin=\"round\"\u003E\u003C\u002Fpath\u003E\u003Cpath d=\"M9 20.0267C6 20.9999 3.5 20.0267 2 17.0267\" stroke=\"currentColor\" stroke-linecap=\"round\" stroke-linejoin=\"round\"\u003E\u003C\u002Fpath\u003E\u003C\u002Fsvg\u003E\u003C\u002Fdiv\u003E\n\tGithub\n    \n\u003C\u002Fa\u003E\n    \u003Ca href=\"https:\u002F\u002Fyoutu.be\u002FGxBwiM4es7w\" target=\"_blank\" rel=\"noopener noreferrer\" class=\"button style--solid size--medium color--primary  svelte-1djzygq\" data-sveltekit-preload-data\u003E\u003Cdiv class=\"icon svelte-1djzygq\"\u003E\u003Csvg width=\"100%\" height=\"100%\" stroke-width=\"1.5\" viewBox=\"0 0 24 24\" fill=\"none\" xmlns=\"http:\u002F\u002Fwww.w3.org\u002F2000\u002Fsvg\"\u003E\u003Cpath d=\"M14 12L10.5 14V10L14 12Z\" fill=\"currentColor\" stroke=\"currentColor\" stroke-width=\"1.5\" stroke-linecap=\"round\" stroke-linejoin=\"round\"\u003E\u003C\u002Fpath\u003E\u003Cpath d=\"M2 12.7075V11.2924C2 8.39705 2 6.94939 2.90549 6.01792C3.81099 5.08645 5.23656 5.04613 8.08769 4.96549C9.43873 4.92728 10.8188 4.8999 12 4.8999C13.1812 4.8999 14.5613 4.92728 15.9123 4.96549C18.7634 5.04613 20.189 5.08645 21.0945 6.01792C22 6.94939 22 8.39705 22 11.2924V12.7075C22 15.6028 22 17.0505 21.0945 17.9819C20.189 18.9134 18.7635 18.9537 15.9124 19.0344C14.5613 19.0726 13.1812 19.1 12 19.1C10.8188 19.1 9.43867 19.0726 8.0876 19.0344C5.23651 18.9537 3.81097 18.9134 2.90548 17.9819C2 17.0505 2 15.6028 2 12.7075Z\" stroke=\"currentColor\" stroke-width=\"1.5\"\u003E\u003C\u002Fpath\u003E\u003C\u002Fsvg\u003E\u003C\u002Fdiv\u003E\n\tYouTube\n    \n\u003C\u002Fa\u003E\u003C\u002Fdiv\u003E\n\u003Cimg srcset=\"\u002Fimages\u002Fposts\u002Froger-roger\u002Fstart_page.avif, \u002Fimages\u002Fposts\u002Froger-roger\u002Fstart_page.webp, \u002Fimages\u002Fposts\u002Froger-roger\u002Fstart_page.png\" src=\"\u002Fimages\u002Fposts\u002Froger-roger\u002Fstart_page.png\" alt=\"Start Page\" loading=\"lazy\" decoding=\"async\" class=\"svelte-1ykl0dj\"\u003E\n\u003Ch2 id=\"introduction\"\u003E\u003Ca class=\"heading-link\" title=\"Permalink\" aria-hidden=\"true\" href=\"#introduction\"\u003E\u003Cspan\u003E\u003C\u002Fspan\u003E\u003C\u002Fa\u003EIntroduction\u003C\u002Fh2\u003E\n\u003Cp\u003E“Roger, Roger” is a cooperative game about a rocket travelling through space. Players have to navigate through asteroids by cooperative with each other. There is a total of 3 controls that can be accessed: trajectory control, acceleration control, and gun. trajectory control lets the player control the y-axis of the rocket, acceleration control lets the player control the x-axis, and gun lets player shoots.\u003C\u002Fp\u003E\n\u003Cimg srcset=\"\u002Fimages\u002Fposts\u002Froger-roger\u002Fgameplay_1.avif, \u002Fimages\u002Fposts\u002Froger-roger\u002Fgameplay_1.webp, \u002Fimages\u002Fposts\u002Froger-roger\u002Fgameplay_1.png\" src=\"\u002Fimages\u002Fposts\u002Froger-roger\u002Fgameplay_1.png\" alt=\"Picture showing gameplay while the rocket shoots the asteroid\" loading=\"lazy\" decoding=\"async\" class=\"svelte-1ykl0dj\"\u003E\n\u003Cimg srcset=\"\u002Fimages\u002Fposts\u002Froger-roger\u002Fgameplay_2.avif, \u002Fimages\u002Fposts\u002Froger-roger\u002Fgameplay_2.webp, \u002Fimages\u002Fposts\u002Froger-roger\u002Fgameplay_2.png\" src=\"\u002Fimages\u002Fposts\u002Froger-roger\u002Fgameplay_2.png\" alt=\"Start Page\" loading=\"lazy\" decoding=\"async\" class=\"svelte-1ykl0dj\"\u003E\n\u003Ch2 id=\"the-main-screen\"\u003E\u003Ca class=\"heading-link\" title=\"Permalink\" aria-hidden=\"true\" href=\"#the-main-screen\"\u003E\u003Cspan\u003E\u003C\u002Fspan\u003E\u003C\u002Fa\u003EThe main screen\u003C\u002Fh2\u003E\n\u003Cp\u003EUpon the welcome screen, the player will be greeted with the title of the game, the IP address of the server, and the prompt “press space”. The reason behind the IP address being displayed will be explained in \u003Ca href=\"#the-control-screen\"\u003Ethe control screen\u003C\u002Fa\u003E section.\u003C\u002Fp\u003E\n\u003Cimg srcset=\"\u002Fimages\u002Fposts\u002Froger-roger\u002Fstart_page.avif, \u002Fimages\u002Fposts\u002Froger-roger\u002Fstart_page.webp, \u002Fimages\u002Fposts\u002Froger-roger\u002Fstart_page.png\" src=\"\u002Fimages\u002Fposts\u002Froger-roger\u002Fstart_page.png\" alt=\"Start Page\" loading=\"lazy\" decoding=\"async\" class=\"svelte-1ykl0dj\"\u003E\n\u003Cp\u003EAfter all the players have connected and the captain pressed spacebar, the main screen shows the players the rocket they are controlling. It also shows the score and lives they have left.\u003C\u002Fp\u003E\n\u003Cimg srcset=\"\u002Fimages\u002Fposts\u002Froger-roger\u002Fscore_and_info.avif, \u002Fimages\u002Fposts\u002Froger-roger\u002Fscore_and_info.webp, \u002Fimages\u002Fposts\u002Froger-roger\u002Fscore_and_info.png\" src=\"\u002Fimages\u002Fposts\u002Froger-roger\u002Fscore_and_info.png\" alt=\"Start Page\" loading=\"lazy\" decoding=\"async\" class=\"svelte-1ykl0dj\"\u003E\n\u003Cp\u003EGroup of asteroids are streaming through the right side of the screen at different velocity. The players have to use this visual display to based their control on.\u003C\u002Fp\u003E\n\u003Cimg srcset=\"\u002Fimages\u002Fposts\u002Froger-roger\u002Fasteroid_streaming.avif, \u002Fimages\u002Fposts\u002Froger-roger\u002Fasteroid_streaming.webp, \u002Fimages\u002Fposts\u002Froger-roger\u002Fasteroid_streaming.png\" src=\"\u002Fimages\u002Fposts\u002Froger-roger\u002Fasteroid_streaming.png\" alt=\"Start Page\" loading=\"lazy\" decoding=\"async\" class=\"svelte-1ykl0dj\"\u003E\n\u003Cp\u003EIf the rocket ran out of life, the game ends. The last page will display the final score and whether you got the new highscore.\u003C\u002Fp\u003E\n\u003Cimg srcset=\"\u002Fimages\u002Fposts\u002Froger-roger\u002Fgameplay_2.avif, \u002Fimages\u002Fposts\u002Froger-roger\u002Fgameplay_2.webp, \u002Fimages\u002Fposts\u002Froger-roger\u002Fgameplay_2.png\" src=\"\u002Fimages\u002Fposts\u002Froger-roger\u002Fgameplay_2.png\" alt=\"Start Page\" loading=\"lazy\" decoding=\"async\" class=\"svelte-1ykl0dj\"\u003E\n\u003Cimg srcset=\"\u002Fimages\u002Fposts\u002Froger-roger\u002Fnew_highscore.avif, \u002Fimages\u002Fposts\u002Froger-roger\u002Fnew_highscore.webp, 